accuracy,precision,recall,f1,roc_auc,model,threshold
0.628,0.9009489916963227,0.5348591549295775,0.6712328767123288,0.7350813501699854,LogisticRegression,0.5
0.71,0.71,1.0,0.8304093567251462,0.7350813501699854,LogisticRegression_Tuned,0.18963250894050385
0.68825,0.7343336275375111,0.8788732394366198,0.8001282256771919,0.7094121843127731,RandomForest,0.5
0.71225,0.7129886506935688,0.9954225352112676,0.8308596620132256,0.7094121843127731,RandomForest_Tuned,0.294
0.649,0.8790918690601901,0.5862676056338029,0.7034220532319392,0.7366121296745993,XGBoost,0.5
0.7105,0.7104604604604604,0.9996478873239436,0.8306026916325336,0.7366121296745993,XGBoost_Tuned,0.12144561111927032
